{
  "n_types": 100,
  "n_tracts_used": 80507,
  "mean_tau": 0.8881548278345518,
  "std_tau": 0.07220996493107229,
  "mean_delta": -0.011010132130010248,
  "std_delta": 0.053984452722919254,
  "computation_date": "2026-04-07"
}