{
  "n_types": 100,
  "tau_mean": 0.8968312566633599,
  "tau_std": 0.12849655071506627,
  "tau_min": 0.31850050019501625,
  "tau_max": 1.265852782695222,
  "delta_mean": 0.0006355810088081429,
  "delta_std": 0.06288349382201189,
  "delta_min": -0.06797192879364122,
  "delta_max": 0.57278697070271
}