{
  "n_types": 100,
  "n_tracts_used": 80507,
  "mean_tau": 0.8881548278345518,
  "std_tau": 0.07220996493107229,
  "mean_delta": -0.010623437115453485,
  "std_delta": 0.056214861289586915,
  "computation_date": "2026-04-07"
}