{
  "predictions": {
    "2026 AK Governor": 0.44700484398292833,
    "2026 AK Senate": 0.44700484398292833,
    "2026 AL Governor": 0.38690448670002675,
    "2026 AL Senate": 0.38688757291307124,
    "2026 AR Governor": 0.3965837292835867,
    "2026 AR Senate": 0.3965837292835867,
    "2026 AZ Governor": 0.5476981254181527,
    "2026 CA Governor": 0.5632769973985983,
    "2026 CO Governor": 0.5628414460519644,
    "2026 CO Senate": 0.5628414460519644,
    "2026 CT Governor": 0.48600068086242876,
    "2026 DE Senate": 0.5170612666842075,
    "2026 FL Governor": 0.506821809706223,
    "2026 FL Senate": 0.4998582582251084,
    "2026 GA Governor": 0.5302483847813392,
    "2026 GA Senate": 0.5302508774462253,
    "2026 HI Governor": 0.5890901164534205,
    "2026 IA Governor": 0.5085026844295575,
    "2026 IA Senate": 0.5085163044419179,
    "2026 ID Governor": 0.38276442550646833,
    "2026 ID Senate": 0.38276442550646833,
    "2026 IL Governor": 0.43988428773206556,
    "2026 IL Senate": 0.4398842877320656,
    "2026 KS Governor": 0.42455846393985214,
    "2026 KS Senate": 0.42455846393985214,
    "2026 KY Senate": 0.41287912043785663,
    "2026 LA Senate": 0.43186565821384443,
    "2026 MA Governor": 0.658881408069111,
    "2026 MA Senate": 0.6588800987871894,
    "2026 MD Governor": 0.5431378277117873,
    "2026 ME Governor": 0.5218113606634143,
    "2026 ME Senate": 0.5218113286608438,
    "2026 MI Governor": 0.5035077704980799,
    "2026 MI Senate": 0.5034874322571863,
    "2026 MN Governor": 0.6099117183197952,
    "2026 MN Senate": 0.5952544534299389,
    "2026 MS Senate": 0.44380274468845765,
    "2026 MT Senate": 0.3651590269867741,
    "2026 NC Senate": 0.587372958159647,
    "2026 NE Governor": 0.31624543136654276,
    "2026 NE Senate": 0.31624543136654276,
    "2026 NH Governor": 0.48286517151602026,
    "2026 NH Senate": 0.5307469799000755,
    "2026 NJ Senate": 0.499704058661425,
    "2026 NM Governor": 0.48176902142722866,
    "2026 NM Senate": 0.4817690214272287,
    "2026 NV Governor": 0.504144686165932,
    "2026 NY Governor": 0.6594455917911476,
    "2026 OH Governor": 0.5486374940032664,
    "2026 OH Senate": 0.5465362868662216,
    "2026 OK Governor": 0.3005105427943745,
    "2026 OK Senate": 0.3005105427943745,
    "2026 OR Governor": 0.513235185836237,
    "2026 OR Senate": 0.513235185836237,
    "2026 PA Governor": 0.6314319449125434,
    "2026 RI Governor": 0.5088227711751175,
    "2026 RI Senate": 0.5088227711751175,
    "2026 SC Governor": 0.49887274643498897,
    "2026 SC Senate": 0.49887274643498897,
    "2026 SD Governor": 0.3471258994134562,
    "2026 SD Senate": 0.3471258994134562,
    "2026 TN Governor": 0.3229950227651211,
    "2026 TN Senate": 0.3229950227651211,
    "2026 TX Governor": 0.5290892772006215,
    "2026 TX Senate": 0.5421597826444065,
    "2026 VA Senate": 0.5115482781305202,
    "2026 VT Governor": 0.430413577271708,
    "2026 WI Governor": 0.5379735725386842,
    "2026 WV Senate": 0.3216719108324054,
    "2026 WY Governor": 0.26453739448231695,
    "2026 WY Senate": 0.26453739448231695
  }
}