{
  "date_trained": "2026-04-05",
  "git_sha": "286be40",
  "n_training_samples": 3106,
  "n_counties_output": 3106,
  "n_features": 144,
  "n_type_scores": 100,
  "n_demo_features": 117,
  "ridge": {
    "alpha": 0.0015199110829529332,
    "train_r2": 0.9840140947161792
  },
  "hgb": {
    "train_r2": 0.9999076131269821,
    "max_iter": 800,
    "learning_rate": 0.1,
    "max_depth": 5,
    "min_samples_leaf": 30,
    "l2_regularization": 1.0,
    "random_state": 42
  },
  "ensemble": {
    "method": "50pct_ridge_50pct_hgb",
    "ridge_weight": 0.5,
    "hgb_weight": 0.5,
    "pred_min": 0.015455425928986445,
    "pred_max": 0.9081954247053017,
    "pred_mean": 0.3159480646492342
  },
  "loo_r_ridge": 0.518,
  "loo_r_ensemble": 0.732,
  "rmse_by_dominant_type": {
    "28": 0.02803617433727477,
    "64": 0.021133355922408323,
    "50": 0.018370620829582462,
    "32": 0.01830384520781552,
    "30": 0.017061177325531612,
    "20": 0.01448071507022073,
    "13": 0.014294632945898427,
    "37": 0.0142387401083418,
    "1": 0.013742369696715885,
    "40": 0.013678578550031066,
    "10": 0.013612059457794267,
    "81": 0.01355622319714819,
    "96": 0.012719523168490354,
    "67": 0.012655201120346744,
    "18": 0.012208982085872068,
    "54": 0.011918729586917946,
    "97": 0.011712228104952795,
    "87": 0.011671317098053245,
    "56": 0.011668501224794414,
    "34": 0.011582233066992175,
    "23": 0.011395699190840559,
    "86": 0.011367567986374654,
    "45": 0.011271318986265528,
    "48": 0.011241478074608076,
    "17": 0.011087779897804562,
    "68": 0.011041224416285283,
    "21": 0.011031404780410023,
    "41": 0.011016590804841391,
    "38": 0.010961220159814754,
    "84": 0.010957612361856432,
    "8": 0.01056682751339139,
    "12": 0.010516552075357793,
    "7": 0.010484906601523233,
    "79": 0.010327662764986483,
    "42": 0.010195535611273758,
    "6": 0.010174763408701335,
    "83": 0.01014132719480645,
    "39": 0.01012452440269115,
    "77": 0.010054562485907302,
    "53": 0.010044903628900191,
    "91": 0.010041251503107793,
    "2": 0.01001627369149228,
    "4": 0.010011078314179462,
    "66": 0.009988711506549697,
    "99": 0.009969883471146263,
    "47": 0.009849318722483565,
    "46": 0.009827806944057875,
    "65": 0.009787088208429894,
    "35": 0.009755280544962996,
    "55": 0.0097495420382208,
    "61": 0.009682936510131433,
    "72": 0.009448093897047765,
    "16": 0.009390539113945382,
    "0": 0.009097003781810465,
    "71": 0.009091308287258428,
    "31": 0.00893863706455607,
    "11": 0.008912378857972232,
    "14": 0.008846623217767618,
    "90": 0.008772700810328103,
    "76": 0.008676060884814912,
    "58": 0.008608187939050705,
    "59": 0.008570611454379613,
    "80": 0.008490064679959693,
    "26": 0.008442890008342238,
    "51": 0.008361821159448946,
    "9": 0.008310835925750201,
    "15": 0.008300683408379021,
    "74": 0.008131934611886832,
    "92": 0.008014531853141379,
    "82": 0.00785872904034738,
    "22": 0.007837620696160315,
    "44": 0.007813649148073564,
    "52": 0.0076741973969788775,
    "57": 0.007541359705661,
    "3": 0.007524525214167781,
    "19": 0.00741317500585316,
    "27": 0.007402865504979784,
    "36": 0.007274483233509766,
    "95": 0.007267646959541195,
    "88": 0.00725873717461098,
    "43": 0.007184518016426751,
    "98": 0.007058037982404357,
    "5": 0.006884364100184749,
    "85": 0.006746400265026777,
    "69": 0.006686256817040616,
    "89": 0.006664404662466555,
    "24": 0.006243607313706052,
    "60": 0.006077907614179909,
    "29": 0.006070015543784713,
    "75": 0.005945993245109692,
    "70": 0.005480774490580949
  },
  "top_20_features": [
    {
      "feature": "county_mean_dem_share",
      "ridge_coef": 0.8835184713490802
    },
    {
      "feature": "type_70_score",
      "ridge_coef": 0.786174228894196
    },
    {
      "feature": "type_92_score",
      "ridge_coef": 0.43041332922444314
    },
    {
      "feature": "type_17_score",
      "ridge_coef": 0.17370612867978275
    },
    {
      "feature": "type_26_score",
      "ridge_coef": -0.17062209164316644
    },
    {
      "feature": "type_20_score",
      "ridge_coef": -0.10312620839076418
    },
    {
      "feature": "type_60_score",
      "ridge_coef": -0.07784779874845382
    },
    {
      "feature": "type_78_score",
      "ridge_coef": -0.0681172675946697
    },
    {
      "feature": "type_97_score",
      "ridge_coef": -0.0674376530972019
    },
    {
      "feature": "type_27_score",
      "ridge_coef": -0.06469237113318549
    },
    {
      "feature": "type_80_score",
      "ridge_coef": -0.05934782166691921
    },
    {
      "feature": "type_21_score",
      "ridge_coef": -0.05583084550063533
    },
    {
      "feature": "transfers_share",
      "ridge_coef": -0.0525869691398535
    },
    {
      "feature": "type_1_score",
      "ridge_coef": -0.05257632294171449
    },
    {
      "feature": "type_31_score",
      "ridge_coef": -0.051886234938006814
    },
    {
      "feature": "type_3_score",
      "ridge_coef": -0.0485284918234648
    },
    {
      "feature": "type_23_score",
      "ridge_coef": 0.0472484505998213
    },
    {
      "feature": "earnings_share",
      "ridge_coef": -0.04563568290494846
    },
    {
      "feature": "type_56_score",
      "ridge_coef": -0.04328936912342346
    },
    {
      "feature": "type_66_score",
      "ridge_coef": -0.04286024831151625
    }
  ],
  "target": "pres_dem_share_2024",
  "history_years": [
    2008,
    2012,
    2016,
    2020
  ]
}