{
  "date_trained": "2026-04-01",
  "git_sha": "08c47f7",
  "n_training_samples": 3106,
  "n_counties_output": 3106,
  "n_features": 212,
  "n_type_scores": 100,
  "n_demo_features": 111,
  "ridge": {
    "alpha": 0.006579332246575682,
    "train_r2": 0.9897157815208227
  },
  "hgb": {
    "train_r2": 0.9999636397862822,
    "max_iter": 800,
    "learning_rate": 0.1,
    "max_depth": 5,
    "min_samples_leaf": 30,
    "l2_regularization": 1.0,
    "random_state": 42
  },
  "ensemble": {
    "method": "50pct_ridge_50pct_hgb",
    "ridge_weight": 0.5,
    "hgb_weight": 0.5,
    "pred_min": 0.018261179422922665,
    "pred_max": 0.9213366723821322,
    "pred_mean": 0.3159480264793868
  },
  "loo_r_ridge": 0.533,
  "loo_r_ensemble": 0.711,
  "rmse_by_dominant_type": {
    "59": 0.018148554960614856,
    "62": 0.013024032765372269,
    "97": 0.012892762002597612,
    "4": 0.012742126678603721,
    "92": 0.011387779805304013,
    "57": 0.0112761628640872,
    "11": 0.011084214856905396,
    "75": 0.01093267749583029,
    "25": 0.010330453461713282,
    "61": 0.010302412811441864,
    "76": 0.010228596883646137,
    "87": 0.01021036455157004,
    "0": 0.009832396273564678,
    "14": 0.00979546618092553,
    "48": 0.009762779930235952,
    "69": 0.00971919125373021,
    "98": 0.00958575191513183,
    "96": 0.00944475853636821,
    "74": 0.009396360361865775,
    "28": 0.00928056618534403,
    "24": 0.00911612963088656,
    "29": 0.009073053295879093,
    "32": 0.009067609255216255,
    "30": 0.009036668788037754,
    "56": 0.008956234500627196,
    "67": 0.008936280782950584,
    "37": 0.008792982093382912,
    "34": 0.00863303034937504,
    "84": 0.008366382052800067,
    "58": 0.008333567032451635,
    "60": 0.008249439909680384,
    "73": 0.008189346973047006,
    "36": 0.008168370076966368,
    "6": 0.00814876930480547,
    "40": 0.008133664430607725,
    "49": 0.008054917999131616,
    "95": 0.008012809178757328,
    "8": 0.007989624469309932,
    "53": 0.007963251403203715,
    "52": 0.007882299305435006,
    "18": 0.007806052949588722,
    "66": 0.007671998066024751,
    "72": 0.007498661370515166,
    "83": 0.0073964958952085404,
    "16": 0.007322718890495059,
    "79": 0.007258781495407844,
    "39": 0.007197838621020477,
    "65": 0.007091196615588683,
    "1": 0.007051795595943577,
    "33": 0.006987644529726557,
    "10": 0.00690500071323319,
    "82": 0.00689042120263996,
    "23": 0.006865715831271538,
    "3": 0.0068648978121933855,
    "5": 0.0065982738095040515,
    "55": 0.00653475321590042,
    "20": 0.006528048261285319,
    "71": 0.0065262614536733855,
    "31": 0.006480067505536974,
    "13": 0.006414201919895339,
    "42": 0.006308672314411454,
    "70": 0.006192354954702892,
    "22": 0.0061511249021194885,
    "2": 0.006144318707519813,
    "9": 0.006046607082794602,
    "47": 0.0058475854563057,
    "27": 0.005837583096655499,
    "15": 0.00577817966693555,
    "64": 0.005699753539109705,
    "35": 0.005680558769674841,
    "26": 0.005650495867289619,
    "45": 0.005598702816169093,
    "94": 0.005574876159485236,
    "89": 0.005438897941474033,
    "63": 0.005265946006300931,
    "7": 0.005233484939594074,
    "91": 0.005022371738053168
  },
  "top_20_features": [
    {
      "feature": "county_mean_dem_share",
      "ridge_coef": 0.8605290135196173
    },
    {
      "feature": "type_98_score",
      "ridge_coef": 0.20498324934240403
    },
    {
      "feature": "type_75_score",
      "ridge_coef": 0.19119259051133997
    },
    {
      "feature": "type_3_score",
      "ridge_coef": 0.18060300587777048
    },
    {
      "feature": "type_37_score",
      "ridge_coef": -0.16883138948747856
    },
    {
      "feature": "type_13_score",
      "ridge_coef": -0.12632858966943813
    },
    {
      "feature": "type_74_score",
      "ridge_coef": -0.08903449014896408
    },
    {
      "feature": "type_44_score",
      "ridge_coef": -0.07916710944525976
    },
    {
      "feature": "type_57_score",
      "ridge_coef": 0.07518163865499665
    },
    {
      "feature": "type_58_score",
      "ridge_coef": 0.06832586785193408
    },
    {
      "feature": "type_8_score",
      "ridge_coef": 0.06740765814937313
    },
    {
      "feature": "type_94_score",
      "ridge_coef": 0.05926162899038259
    },
    {
      "feature": "type_72_score",
      "ridge_coef": 0.05791600133918656
    },
    {
      "feature": "type_9_score",
      "ridge_coef": 0.05738529940557333
    },
    {
      "feature": "type_52_score",
      "ridge_coef": -0.05685679560453614
    },
    {
      "feature": "type_17_score",
      "ridge_coef": 0.05542911403587565
    },
    {
      "feature": "type_65_score",
      "ridge_coef": 0.05508485539971365
    },
    {
      "feature": "type_88_score",
      "ridge_coef": -0.054764644302888424
    },
    {
      "feature": "type_61_score",
      "ridge_coef": -0.05449868401083853
    },
    {
      "feature": "type_16_score",
      "ridge_coef": -0.05430368390378343
    }
  ],
  "target": "pres_dem_share_2024",
  "history_years": [
    2008,
    2012,
    2016,
    2020
  ]
}