{
  "date_trained": "2026-04-01",
  "git_sha": "156f145",
  "n_training_samples": 3106,
  "n_counties_output": 3106,
  "n_features": 215,
  "n_type_scores": 100,
  "n_demo_features": 114,
  "ridge": {
    "alpha": 0.01,
    "train_r2": 0.9897864549036481
  },
  "hgb": {
    "train_r2": 0.9999655734386186,
    "max_iter": 800,
    "learning_rate": 0.1,
    "max_depth": 5,
    "min_samples_leaf": 30,
    "l2_regularization": 1.0,
    "random_state": 42
  },
  "ensemble": {
    "method": "50pct_ridge_50pct_hgb",
    "ridge_weight": 0.5,
    "hgb_weight": 0.5,
    "pred_min": 0.017119172701505373,
    "pred_max": 0.9217463193912824,
    "pred_mean": 0.31594807693694044
  },
  "loo_r_ridge": 0.533,
  "loo_r_ensemble": 0.732,
  "rmse_by_dominant_type": {
    "59": 0.018011819791279783,
    "97": 0.013415994902630794,
    "4": 0.012880109370773381,
    "62": 0.012718753987039413,
    "92": 0.01138900367682983,
    "57": 0.011213784265716708,
    "11": 0.010895978938518742,
    "75": 0.010803297420110155,
    "25": 0.01034725801922791,
    "87": 0.01031410866103372,
    "61": 0.010294009988949793,
    "76": 0.010243523477541346,
    "48": 0.010160292665699218,
    "0": 0.010006686804020323,
    "14": 0.009765502512065314,
    "98": 0.009624143527320215,
    "96": 0.009615786222286104,
    "69": 0.009366270854471032,
    "28": 0.009358588878783223,
    "74": 0.00927607690465444,
    "29": 0.009206214326001608,
    "32": 0.009192445141375417,
    "30": 0.009167806230421637,
    "24": 0.009081596599431033,
    "56": 0.00902845526463839,
    "37": 0.0088159210027485,
    "67": 0.00858150441360572,
    "34": 0.008512541685556842,
    "84": 0.008417804307633949,
    "60": 0.00832973350379339,
    "6": 0.008234169313221204,
    "73": 0.008206190908394676,
    "95": 0.008174710112307103,
    "58": 0.008166109243250496,
    "40": 0.008161991059702712,
    "36": 0.008136605910889638,
    "52": 0.007907738022786525,
    "53": 0.007846777558510135,
    "18": 0.00771131601848583,
    "8": 0.007674866097316773,
    "49": 0.007565729574021857,
    "66": 0.007469759837679943,
    "39": 0.007208291901929914,
    "79": 0.007207294729549455,
    "72": 0.007205276205956029,
    "83": 0.007199662385168196,
    "65": 0.007164100081109633,
    "16": 0.0071343205321647354,
    "33": 0.007064334600581264,
    "1": 0.006933681810414676,
    "10": 0.006879976357625243,
    "5": 0.0068391290535801,
    "3": 0.006796618913257394,
    "82": 0.006768303258733489,
    "23": 0.006766107073851927,
    "31": 0.0066122499670479085,
    "20": 0.006583259552046274,
    "55": 0.006528492897541592,
    "22": 0.006468394273795003,
    "71": 0.00637135787332217,
    "42": 0.0063053252204697124,
    "70": 0.006244513154681336,
    "2": 0.006242639836998776,
    "13": 0.006158640627693639,
    "9": 0.006142507506554956,
    "47": 0.005760817322417325,
    "27": 0.0056916164496339655,
    "64": 0.005677540375084115,
    "35": 0.005658856176174557,
    "15": 0.005647792239764967,
    "26": 0.005553997551440059,
    "94": 0.005546206009183978,
    "89": 0.005500175645381914,
    "45": 0.005310433593951063,
    "7": 0.005239487455839833,
    "91": 0.005069989380620429,
    "63": 0.004747702427435647
  },
  "top_20_features": [
    {
      "feature": "county_mean_dem_share",
      "ridge_coef": 0.8594200541801345
    },
    {
      "feature": "type_98_score",
      "ridge_coef": 0.20450279588412756
    },
    {
      "feature": "type_3_score",
      "ridge_coef": 0.1817509475097915
    },
    {
      "feature": "type_37_score",
      "ridge_coef": -0.16791423741454295
    },
    {
      "feature": "type_75_score",
      "ridge_coef": 0.15292530791786862
    },
    {
      "feature": "type_13_score",
      "ridge_coef": -0.12489140336649798
    },
    {
      "feature": "type_74_score",
      "ridge_coef": -0.08809732482890834
    },
    {
      "feature": "type_44_score",
      "ridge_coef": -0.07867236262024876
    },
    {
      "feature": "type_57_score",
      "ridge_coef": 0.07534122223340703
    },
    {
      "feature": "type_58_score",
      "ridge_coef": 0.06873123027147039
    },
    {
      "feature": "type_8_score",
      "ridge_coef": 0.06841496545624502
    },
    {
      "feature": "type_94_score",
      "ridge_coef": 0.06003202550515779
    },
    {
      "feature": "type_72_score",
      "ridge_coef": 0.058701054747476396
    },
    {
      "feature": "type_9_score",
      "ridge_coef": 0.05712405399167819
    },
    {
      "feature": "type_17_score",
      "ridge_coef": 0.05565225634207489
    },
    {
      "feature": "type_52_score",
      "ridge_coef": -0.05536723255951992
    },
    {
      "feature": "type_88_score",
      "ridge_coef": -0.05492082519772771
    },
    {
      "feature": "type_65_score",
      "ridge_coef": 0.0546183419472341
    },
    {
      "feature": "type_61_score",
      "ridge_coef": -0.05388776260006838
    },
    {
      "feature": "type_16_score",
      "ridge_coef": -0.05381708615106173
    }
  ],
  "target": "pres_dem_share_2024",
  "history_years": [
    2008,
    2012,
    2016,
    2020
  ]
}