{
  "date_trained": "2026-04-05",
  "git_sha": "1da3405",
  "n_training_samples": 3106,
  "n_counties_output": 3106,
  "n_features": 148,
  "n_type_scores": 100,
  "n_demo_features": 121,
  "ridge": {
    "alpha": 0.0023101297000831605,
    "train_r2": 0.9840180493946021
  },
  "hgb": {
    "train_r2": 0.9999137076181148,
    "max_iter": 800,
    "learning_rate": 0.1,
    "max_depth": 5,
    "min_samples_leaf": 30,
    "l2_regularization": 1.0,
    "random_state": 42
  },
  "ensemble": {
    "method": "50pct_ridge_50pct_hgb",
    "ridge_weight": 0.5,
    "hgb_weight": 0.5,
    "pred_min": 0.015271356460762612,
    "pred_max": 0.9087627378066075,
    "pred_mean": 0.31594806742520104
  },
  "loo_r_ridge": 0.518,
  "loo_r_ensemble": 0.732,
  "rmse_by_dominant_type": {
    "28": 0.027974501554591587,
    "64": 0.021076845125658026,
    "32": 0.01834019833855269,
    "50": 0.01831611187851542,
    "30": 0.01699677943184526,
    "20": 0.014461506620516802,
    "13": 0.014238311843580249,
    "40": 0.013906876384255277,
    "37": 0.013826328101718603,
    "81": 0.013694832650330044,
    "1": 0.013672086215284455,
    "10": 0.013548160671776138,
    "67": 0.012788800561766641,
    "96": 0.012585129955223148,
    "18": 0.012347953035890473,
    "54": 0.011928590998246884,
    "87": 0.011730521678985726,
    "97": 0.0116661682895945,
    "56": 0.011593568838416113,
    "41": 0.011482401627088473,
    "34": 0.011424450459467179,
    "86": 0.011360266627879825,
    "23": 0.011355585951510407,
    "45": 0.011269655982514531,
    "48": 0.011217303761073232,
    "17": 0.01109601742711457,
    "84": 0.011043740699503935,
    "68": 0.010994170121510181,
    "38": 0.01094824572798313,
    "21": 0.010923007375093444,
    "8": 0.010626070880693108,
    "7": 0.010522266704612742,
    "12": 0.010365242420478248,
    "79": 0.010258149525078983,
    "83": 0.01020772792980379,
    "77": 0.010156477413862134,
    "39": 0.010129479099780103,
    "6": 0.01012401392472202,
    "53": 0.010064666356012535,
    "66": 0.010042453290743568,
    "91": 0.010005142332713966,
    "42": 0.01000435733462566,
    "99": 0.009982833739889382,
    "2": 0.00996835971177623,
    "4": 0.009956255064648829,
    "61": 0.009842191337128946,
    "47": 0.009841316400595662,
    "46": 0.009775265594518764,
    "55": 0.009773661074517078,
    "65": 0.009681557754427224,
    "35": 0.009605578883986344,
    "16": 0.009468494733048349,
    "72": 0.0094207109782657,
    "0": 0.009217075723346188,
    "71": 0.009139326344645149,
    "31": 0.008956149042302427,
    "14": 0.008908452815644514,
    "11": 0.008904458463665844,
    "90": 0.00881926406454199,
    "58": 0.008710409076377915,
    "51": 0.008704242995482028,
    "76": 0.00861256304944523,
    "80": 0.008610403005231273,
    "59": 0.008504197924314748,
    "26": 0.008427784316151609,
    "15": 0.008334623033701492,
    "9": 0.008226080749312257,
    "74": 0.008134481843685523,
    "92": 0.008023702921322328,
    "22": 0.007881995029934894,
    "44": 0.007843858154071792,
    "82": 0.0077779277028017174,
    "19": 0.007549867256475429,
    "52": 0.0075352909372858315,
    "57": 0.007527974308784231,
    "3": 0.007476222014144022,
    "88": 0.007275381439434725,
    "27": 0.0071866797105699974,
    "36": 0.007185265220058505,
    "98": 0.007162882231595475,
    "43": 0.007152389484697513,
    "95": 0.007112999219210316,
    "5": 0.006881894876915151,
    "89": 0.006783412000199665,
    "85": 0.006746279590830421,
    "69": 0.006619339693003377,
    "24": 0.006260580228540258,
    "29": 0.006132169143850881,
    "60": 0.0060400304690934594,
    "75": 0.005879428312065502,
    "70": 0.005295864269004927
  },
  "top_20_features": [
    {
      "feature": "county_mean_dem_share",
      "ridge_coef": 0.8826426890142463
    },
    {
      "feature": "type_70_score",
      "ridge_coef": 0.6902032096065119
    },
    {
      "feature": "type_92_score",
      "ridge_coef": 0.29044034199876806
    },
    {
      "feature": "type_17_score",
      "ridge_coef": 0.17465482851651884
    },
    {
      "feature": "type_26_score",
      "ridge_coef": -0.16798359418898934
    },
    {
      "feature": "type_20_score",
      "ridge_coef": -0.10048148021581862
    },
    {
      "feature": "type_60_score",
      "ridge_coef": -0.07553377949764098
    },
    {
      "feature": "type_78_score",
      "ridge_coef": -0.06571997352942394
    },
    {
      "feature": "type_97_score",
      "ridge_coef": -0.06494262077231933
    },
    {
      "feature": "type_27_score",
      "ridge_coef": -0.062118669813814614
    },
    {
      "feature": "type_80_score",
      "ridge_coef": -0.05677099138361691
    },
    {
      "feature": "transfers_share",
      "ridge_coef": -0.054589916318262155
    },
    {
      "feature": "type_21_score",
      "ridge_coef": -0.053737998584183
    },
    {
      "feature": "type_1_score",
      "ridge_coef": -0.0499876270572808
    },
    {
      "feature": "type_23_score",
      "ridge_coef": 0.0497000947541624
    },
    {
      "feature": "type_31_score",
      "ridge_coef": -0.049539320929580855
    },
    {
      "feature": "earnings_share",
      "ridge_coef": -0.047498595834286395
    },
    {
      "feature": "type_3_score",
      "ridge_coef": -0.045965841122202256
    },
    {
      "feature": "type_56_score",
      "ridge_coef": -0.040751258162726234
    },
    {
      "feature": "type_42_score",
      "ridge_coef": 0.040617304766780576
    }
  ],
  "target": "pres_dem_share_2024",
  "history_years": [
    2008,
    2012,
    2016,
    2020
  ]
}